ground_truth,question,Answer,,Context
"{
    ""advice"": ""Ne te décourage pas ! Il est essentiel de revoir les concepts de base de l'électricité. Concentre-toi sur la compréhension des termes clés et structure bien tes réponses."",
    ""grading"": {
        ""1"": {
            ""note"": 0.5,
            ""commentaires"": ""Le concept général est présent, mais la réponse manque de précision. Un conducteur est un matériau qui permet aux charges électriques de circuler facilement, alors qu'un isolant empêche cette circulation. Pense à préciser la structure atomique des matériaux en termes d'électrons libres.""
        },
        ""2"": {
            ""note"": 0.5,
            ""commentaires"": ""La fonction basique est bien indiquée. Toutefois, il serait bénéfique de détailler comment un générateur transforme une forme d'énergie en énergie électrique. Par exemple, un générateur convertit de l'énergie mécanique en énergie électrique.""
        },
        ""3"": {
            ""note"": 0.5,
            ""commentaires"": ""Il y a de la confusion dans les explications. Le courant continu (DC) circule dans une seule direction, tandis que le courant alternatif (AC) change de direction à intervalles réguliers. Les valeurs de tension ne sont pas fixes et dépendent du contexte.""
        },
        ""4"": {
            ""note"": 0,
            ""commentaires"": ""Les éléments cités ne sont pas corrects. Les éléments passifs sont par exemple la résistance, le condensateur et l'inductance. En régime alternatif : la tension et le courant sont en phase dans une résistance, le courant est en avance dans un condensateur et en retard dans une inductance.""
        },
        ""5"": {
            ""note"": 0.5,
            ""commentaires"": ""L'idée que la tension reste constante est correcte. Toutefois, il est important de mentionner qu'une source idéale de tension maintient cette tension quelle que soit la charge connectée.""
        },
        ""6"": {
            ""note"": 1,
            ""commentaires"": ""Bon choix de l'élément passif. Il serait bon de préciser que l'élément est l'inductance ou le condensateur, le 'bobine électrique' peut créer de la confusion.""
        },
        ""7"": {
            ""note"": 1,
            ""commentaires"": ""La capacité est correcte, mais la résistance et le fonctionnement ne sont pas des critères appropriés. Pense à un critère comme la tension nominale et la tolérance en plus de la capacité.""
        },
        ""8"": {
            ""note"": 0,
            ""commentaires"": ""Le théorème de Thévenin consiste à simplifier un circuit complexe en une seule source de tension en série avec une résistance. Il serait utile de clarifier cette simplification et son utilisation.""
        },
        ""9"": {
            ""note"": 0.5,
            ""commentaires"": ""Les générateurs contrôlés changent leur tension ou courant de sortie en fonction d'une autre tension ou courant. Ta réponse est partiellement correcte, mais il faut préciser le mécanisme de contrôle.""
        },
        ""10"": {
            ""note"": 0,
            ""commentaires"": ""Les explications manquent de clarté. Le régime harmonique est important car les solutions sinusoïdales sont simples à manipuler et permettent l'analyse de circuits linéaires par la superposition d'harmoniques.""
        }
    }
}","***CORRIGÉ DE L'ENSEIGNANT***
Question 1 (2 points) : Par rapport a leur à leurs constitutions, quelle est la difference entre un conducteur et un isolant ?

**Reponse : Ceux qui possèdent des électrons libres sont applés conducteurs (essentillement les métaux), et ceux qui n’en possèdent pas, sont appelés isolants.**

Question 2 (2 points) : Quel est le roles d’un générateur ?

**Reponse : Le role du générateur consiste non pas à fabriquer des charges, mais à mettre en mouvement simultané les charges mobiles situéé dans les matériaux conducteurs du circuit électrique.** 

Question 3 (2 points): Quelle est la différence entre un courant continu et un courant alternatif ?

**Reponse : Un courant continu (c.c) est donc un courant indépendant du temps. Les courant alternatif est un courant électrique qui périodiquement change de sens.**

Question 4 (3 points) : Citez trois élements passifs et dites comment est le courant par rapport a la tension dans chaque élément en régime alternatif.

**Reponse : Résistance : Le courant et la tension sont en phase**

**Inductance : La tension u(t) est en avance de phase par rapport au courant i(t).**

**Condensateur : Le courant i(t) est en avance de phase par rapport à la tension u(t).**

Question 5 (2 points) : Qu’est-ce q’une Source idéale de tension ?

**Reponse : Un générateur (source) de tension continue supposé ideal est un générateur qui fournit, entre ses bornes, une différence de potentiel constante, quelle que soit l’intensité du courant qui le traverses, ou en d’autres termes quelle que soit la charge à ses bornes, à** **condition que cette charge ne soit pa nulle.**

Question 6 (1 point) : Quesl est l’element passif qui stock l’energie dans un champ magnétique

**Reponse : L’inductance**

Question 7 (2 ponts) : Quels sont les trois citères à considérer dans le choix d’un conducteur ?

**Reponse : Les critères   à considérer pour le choix d’un condensateur sont :**

-        **Sa capacité qui peut etre indiquée de différentes facons. Il n’ya pas de règles générales respectées par les fabricants;**

-        **Sa précision ou tolérance. Notons à ce sujet que la précision est souvant de l’ordre de 20% et parfois plus notamment pour les condensateur électroniques ;**

-        **Sa tension de service. Cette tension represente la tension l plus élevée supportée par le condensateur.**

Question 8 (2 points) : Enoncer le Théoreme de Thévenin ?

**Reponse : Un circuit électrique linéaire entre deux points A et B peut etre remplacé par un générateur équivalent de Thévenin de force électromotrice Eth et de résistence interne Rth.**

-        **La valeur Eth est égale à la** **tension me****surée entre A et B à Vide**

-        **La résistance interne Rth correspond à la valeur de la résistance vue entre A et B lorsque les sources indépendantes sont passivées.**  

Question 9 (3 points) : C’est quoi un générqteur controlé ?

**Reponse : Un générateur controlé est un générateur dont la valeur nominale de tension ou de courant est fixée par une grandeur életrique du réseau.**

Question 10 (1 point) Pour quels raisons le régime harmonique est très repandu et joue un role considérable en électroniaue linéqire ?

**Reponse :**

-        **La forme du signal sinusoidal et la seule qui se conserve à la traversée d’un système linéaire. En effet, l’intégrale ou la dérivée d’une sinusoide reste toujours une sinusoide avec une amplitude et une phase qui peuvent varier ;**

-        **La théorie de Fourier montre que tout signal peut etre décomposé en une somme infinie de signaux sinusoidaux.**

-        **Enfin, le signal sinusoidal est répandus parce qu’il est facile à produire.**

***CRITÈRES DE CORRECTION**
Cette évaluation compte au total 10 questions et est cotée sur 20 points.

***RÉPONSES DE L'ÉTUDIANT***
**Question 1 (2 points):** Par rapport à leurs constitutions, quelle est la différence entre un conducteur et un isolant?

**Réponse:**

- Un conducteur est un câble électrique qui fait passe le courant tandis que un Isolant est utilise pour couvrir un cable electrique pour empêcher le cour-circuit ou de dégât electrique.

**Question 2 (2 points):** Quel est le rôle d'un générateur?

**Réponse:**

Le rôle d'un générateur c’est pour la production de l’énergie électrique enfin d’être utiliser dans des recepteur ou autre dispositif electrique ou electronique.

**Question 3 (2 points):** Quelle est la différence entre un courant continu et un courant alternatif?

**Réponse:**

- Le courant alternatif est un courant qui utilise trois phases en electricite qui produit de l’enegie a plus de 2020V tandisque
- le courant continu est un courant qui a deux pole au borne le positif et negatif. Est Il produit de l’energie de 12V (baterie electrique)

**Question 4 (3 points):** Citez trois éléments passifs et dites comment est le courant par rapport à la tension dans chaque élément en régime alternatif.

**Réponse:**

- **Le neutre : qui a toujours un peu d’energie**
- **La resistance Interne**
- **La tension eletrique**

**Question 5 (2 points):** Qu'est-ce qu'une source idéale de tension ?

**Réponse:**

Une source idéale de la tension est la source qui ne change pas, d’où la tension est normal

**Question 6 (1 point):** Quel est l'élément passif qui stock l'énergie dans un circuit électrique ?

**Réponse:**

L'élément passif qui stock l'énergie passif est le bobine eletrique.

**Question 7 (2 points):** Quels sont les trois critères à considérer dans le choix d'un condensateur ?

**Réponse:**

**Les critères à considérer**

-        **Sa précision ou tolérance**

-        **Sa tension précise**

-        **Sa puissance à dissiper de l’électricité**

**Question 8 (2 points):** Enoncez le Théorème de Thévenin?

**Réponse:**

-        La valeur Eth est la tension qui se trouve entre A et B a vide

-        La résistance Rth est une résistance qu’on retrouve entre A et B et les charges indépendantes passives.

**Question 9 (3 points):** C'est quoi un générateur contrôlé ?

**Réponse:**

Un générateur contrôle est celui qui absorbe de l’électricité et qui va la fournir lorsque le moment sera voulu. C’est un générateur qui ne peut pas fournir du courant s’il n’est pas alimenté.

**Question 10 (1 points):** Pour quels raisons le régime harmonique est très répandu et joue un rôle considérable en électronique linéaire ?

**Réponse:**

- **Le théorème de Fourier dit que le régime harmonique peut être considérer comme la somme infinie des signaux sinusoïdaux**
- **Il est facile à reproduire**
- Les signaux sont les seuls qui ne changent pas et ne deviennent pas linéaires."," {
    ""advice"": ""Tu as montré une compréhension générale des concepts, mais il y a des erreurs à corriger. Assure-toi de fournir des explications claires et précises pour chaque réponse."",
    ""grading"": {
        ""1"": {
            ""note"": 0.5,
            ""commentaires"": ""La réponse montre une confusion entre conducteur et isolant. Travaille sur la distinction entre les deux et ajoute des détails sur les électrons libres et leur rôle.""
        },
        ""2"": {
            ""note"": 0.5,
            ""commentaires"": ""La réponse est incomplète. Explique plus en détail le rôle d'un générateur dans un circuit électrique.""
        },
        ""3"": {
            ""note"": 0.5,
            ""commentaires"": ""Il y a des confusions entre courant continu et courant alternatif. Précise la définition de chaque type de courant.""
        },
        ""4"": {
            ""note"": 0.5,
            ""commentaires"": ""Les éléments passifs cités ne sont pas corrects. Revois la définition des éléments passifs et leur relation avec la tension en régime alternatif.""
        },
        ""5"": {
            ""note"": 0.5,
            ""commentaires"": ""La réponse manque de précision sur la source idéale de tension. Développe davantage sur les caractéristiques d'une telle source.""
        },
        ""6"": {
            ""note"": 0.5,
            ""commentaires"": ""L'élément passif mentionné est incorrect. Approfondis tes connaissances sur l'élément qui stocke l'énergie dans un champ magnétique.""
        },
        ""7"": {
            ""note"": 0.5,
            ""commentaires"": ""Les critères énoncés ne correspondent pas à ceux attendus pour le choix d'un condensateur. Précise les critères à considérer.""
        },
        ""8"": {
            ""note"": 0.5,
            ""commentaires"": ""La réponse est partiellement correcte mais manque de clarté. Reformule le théorème de Thévenin de manière plus précise.""
        },
        ""9"": {
            ""note"": 0.5,
            ""commentaires"": ""La réponse contient des erreurs sur le générateur contrôlé. Corrige la définition et explique plus clairement le concept.""
        },
        ""10"": {
            ""note"": 0.5,
            ""commentaires"": ""Il y a des confusions dans la réponse sur le régime harmonique. Précise le lien avec la théorie de Fourier et la production de signaux sinusoidaux.""
        }
    }
}",,"Vous êtes un enseignant qui évalue les réponses d'un étudiant en utilisant les ressources suivantes :

- **Corrigé de l'enseignant** : la réponse idéale à chaque question.
- **Critères de correction** : les normes d'évaluation basées sur la compréhension conceptuelle, l'exactitude des faits et la clarté de l'explication.

**Instructions** :

1. Comparez chaque réponse de l'étudiant au corrigé en suivant les critères établis.
2. Attribuez une note et rédigez un commentaire constructif pour chaque réponse.
3. Fournissez un commentaire global pour orienter l'étudiant vers des améliorations futures.
4. Votre réponse doit être formulée en français et structurée strictement en JSON, sans texte superflu. Les réponses hors de ce format seront ignorées.

**Format de sortie attendu** :
{
    ""advice"": ""Exemple de commentaire global ici."",
    ""grading"": {
        ""1"": {
            ""note"": 2,
            ""commentaires"": ""Bonne réponse, mais peut être améliorée en ajoutant plus de détails.""
        },
        ""2"": {
            ""note"": 1.5,
            ""commentaires"": ""Réponse partiellement correcte, mais manque de précision.""
        },
        ""3"": {
            ""note"": 1,
            ""commentaires"": ""Bonne compréhension du sujet, mais quelques erreurs mineures.""
        }
    }
}"
"{
    ""advice"": ""Très bon travail ! Avec quelques clarifications et précisions, tu pourras encore améliorer tes performances. Continue à bien structurer tes réponses et à revoir les concepts clés."",
    ""grading"": {
        ""1"": {
            ""note"": 1,
            ""commentaires"": ""Bon début. Bien que les exemples de matériaux soient corrects, il est important de mentionner la différence au niveau atomique, c’est-à-dire la mobilité des électrons dans les conducteurs.""
        },
        ""2"": {
            ""note"": 2,
            ""commentaires"": ""Excellente compréhension ! La description du rôle du générateur est précise.""
        },
        ""3"": {
            ""note"": 2,
            ""commentaires"": ""Bonne réponse. La clarification sur la variation temporelle du courant alternatif est bien expliquée. Peut-être ajouter que le courant continu a une valeur constante.""
        },
        ""4"": {
            ""note"": 3,
            ""commentaires"": ""Parfait ! Tes explications sur le comportement du courant par rapport à la tension sont exactes.""
        },
        ""5"": {
            ""note"": 2,
            ""commentaires"": ""Très bien expliqué. Tu as bien saisi le concept de la source de tension idéale avec ses caractéristiques constantes.""
        },
        ""6"": {
            ""note"": 1,
            ""commentaires"": ""Correct. Les deux éléments passifs pouvant stocker de l’énergie sont le condensateur et la bobine.""
        },
        ""7"": {
            ""note"": 2,
            ""commentaires"": ""Très bien ! Les critères sont correctement identifiés. Ne pas oublier l’importance de la tension de service pour le choix du condensateur.""
        },
        ""8"": {
            ""note"": 0.5,
            ""commentaires"": ""La réponse est partiellement correcte. Le théorème de Thévenin consiste à simplifier un circuit à une source de tension et une résistance en série. Un peu plus de précision est nécessaire.""
        },
        ""9"": {
            ""note"": 1.5,
            ""commentaires"": ""La réponse montre une bonne compréhension. Cependant, pense à mentionner que le générateur contrôlé dépend d'une autre source (tension ou courant) pour sa sortie.""
        },
        ""10"": {
            ""note"": 0.25,
            ""commentaires"": ""La réponse n’est pas très claire. Le régime harmonique est important car les signaux sinusoïdaux peuvent être décomposés facilement, facilitant ainsi l'analyse des circuits linéaires.""
        }
    }
}","***CORRIGÉ DE L'ENSEIGNANT***
Question 1 (2 points) : Par rapport a leur à leurs constitutions, quelle est la difference entre un conducteur et un isolant ?

**Reponse : Ceux qui possèdent des électrons libres sont applés conducteurs (essentillement les métaux), et ceux qui n’en possèdent pas, sont appelés isolants.**

Question 2 (2 points) : Quel est le roles d’un générateur ?

**Reponse : Le role du générateur consiste non pas à fabriquer des charges, mais à mettre en mouvement simultané les charges mobiles situéé dans les matériaux conducteurs du circuit électrique.** 

Question 3 (2 points): Quelle est la différence entre un courant continu et un courant alternatif ?

**Reponse : Un courant continu (c.c) est donc un courant indépendant du temps. Les courant alternatif est un courant électrique qui périodiquement change de sens.**

Question 4 (3 points) : Citez trois élements passifs et dites comment est le courant par rapport a la tension dans chaque élément en régime alternatif.

**Reponse : Résistance : Le courant et la tension sont en phase**

**Inductance : La tension u(t) est en avance de phase par rapport au courant i(t).**

**Condensateur : Le courant i(t) est en avance de phase par rapport à la tension u(t).**

Question 5 (2 points) : Qu’est-ce q’une Source idéale de tension ?

**Reponse : Un générateur (source) de tension continue supposé ideal est un générateur qui fournit, entre ses bornes, une différence de potentiel constante, quelle que soit l’intensité du courant qui le traverses, ou en d’autres termes quelle que soit la charge à ses bornes, à** **condition que cette charge ne soit pa nulle.**

Question 6 (1 point) : Quesl est l’element passif qui stock l’energie dans un champ magnétique

**Reponse : L’inductance**

Question 7 (2 ponts) : Quels sont les trois citères à considérer dans le choix d’un conducteur ?

**Reponse : Les critères   à considérer pour le choix d’un condensateur sont :**

-        **Sa capacité qui peut etre indiquée de différentes facons. Il n’ya pas de règles générales respectées par les fabricants;**

-        **Sa précision ou tolérance. Notons à ce sujet que la précision est souvant de l’ordre de 20% et parfois plus notamment pour les condensateur électroniques ;**

-        **Sa tension de service. Cette tension represente la tension l plus élevée supportée par le condensateur.**

Question 8 (2 points) : Enoncer le Théoreme de Thévenin ?

**Reponse : Un circuit électrique linéaire entre deux points A et B peut etre remplacé par un générateur équivalent de Thévenin de force électromotrice Eth et de résistence interne Rth.**

-        **La valeur Eth est égale à la** **tension me****surée entre A et B à Vide**

-        **La résistance interne Rth correspond à la valeur de la résistance vue entre A et B lorsque les sources indépendantes sont passivées.**  

Question 9 (3 points) : C’est quoi un générqteur controlé ?

**Reponse : Un générateur controlé est un générateur dont la valeur nominale de tension ou de courant est fixée par une grandeur életrique du réseau.**

Question 10 (1 point) Pour quels raisons le régime harmonique est très repandu et joue un role considérable en électroniaue linéqire ?

**Reponse :**

-        **La forme du signal sinusoidal et la seule qui se conserve à la traversée d’un système linéaire. En effet, l’intégrale ou la dérivée d’une sinusoide reste toujours une sinusoide avec une amplitude et une phase qui peuvent varier ;**

-        **La théorie de Fourier montre que tout signal peut etre décomposé en une somme infinie de signaux sinusoidaux.**

-        **Enfin, le signal sinusoidal est répandus parce qu’il est facile à produire.**

***CRITÈRES DE CORRECTION**
Cette évaluation compte au total 10 questions et est cotée sur 20 points.

***RÉPONSES DE L'ÉTUDIANT***
**Question 1 (2 points):** Par rapport à leurs constitutions, quelle est la différence entre un conducteur et un isolant?

**Réponse:**

- Par rapport à leurs constitutions la différence entre un conducteur et un isolant est que l’un d’entre eux permet la circulation du courant tandis que l’autre ne le permet pas.  Conducteur : aluminium, Isolant : plastique, papier

**Question 2 (2 points):** Quel est le rôle d'un générateur?

**Réponse:**

La plupart de fois les personnes pensent qu’un générateur à pour rôle de produire de l’énergies or un générateur permet de déplacer par un mouvement simultané des charges mobiles dons un fil conducteur. 

**Question 3 (2 points):** Quelle est la différence entre un courant continu et un courant alternatif?

**Réponse:**

La différence qui existe entre un courant continu et un courant alternatif est que le C.C est un courant qui ne varie sous en fonction du temps du temps est indépendant du cl est indépendant du t mais un courant alternatif est un courant qui change de sens au fil du temps.

**Question 4 (3 points):** Citez trois éléments passifs et dites comment est le courant par rapport à la tension dans chaque élément en régime alternatif.

**Réponse:**

- **La Résistance : le courant et la tension sont en phase.**
- **L’inductance : le courant est en retart par rapport à le tension**
- **Le condensateur : la tension est en retart par rapport au courant.**

**Question 5 (2 points):** Qu'est-ce qu'une source idéale de tension ?

**Réponse:**

Une source idéale de tension est donc un générateur (source) produit une énergie potentielle de tension constante avec la charge entre ses deux bornes en condition que cette charge ne soit pas nulle.

**Question 6 (1 point):** Quel est l'élément passif qui stock l'énergie dans un circuit électrique ?

**Réponse:**

L'élement passif qui stock l’énergie dans un champ m est une bobine et sera aussi un condensateur dans d’autres cas.

**Question 7 (2 points):** Quels sont les trois critères à considérer dans le choix d'un condensateur ?

**Réponse:**

**Les 3 critères sont :**  

-        **Sa capacite**

-        **Sa tolérance**

-        **Sa tension de service**

**Question 8 (2 points):** Enoncez le Théorème de Thévenin?

**Réponse:**

La loi ou le théorème de Thévenin stipule que :

- Un générateur équivalent de tension produit entre deux sources A et B peut être remplacer par un générateur.

**Question 9 (3 points):** C'est quoi un générateur contrôlé ?

**Réponse:**

Un générateur contrôlé est un générateur dont sa permission à mobilise les charge dans un fil conducteur ne se fait pas de manière inapproprié et donc ça ce fait a un moment bien précis.

**Question 10 (1 points):** Pour quels raisons le régime harmonique est très répandu et joue un rôle considérable en électronique linéaire ?

**Réponse:**

**Le régime h**armonique est très répandu et joue un rôle considérable en electronique liaire car

- Le régime harmonique peut être facilement réexécuter ou reproduit.
- A partir d’un seul signale sinusoïdal nous pourrions en faire signaux sinusoïdaux.","{
    ""advice"": ""L'étudiant a une compréhension générale du sujet, mais il y a des lacunes à combler. Il est recommandé de fournir des explications plus précises et correctes pour chaque question."",
    ""grading"": {
        ""1"": {
            ""note"": 1.5,
            ""commentaires"": ""La réponse est partiellement correcte, mais elle manque de précision. Il est important d'expliquer plus clairement la différence entre un conducteur et un isolant en mettant l'accent sur les électrons libres.""
        },
        ""2"": {
            ""note"": 1,
            ""commentaires"": ""La réponse est incomplète. Il est essentiel d'expliquer en détail le rôle d'un générateur dans un circuit électrique.""
        },
        ""3"": {
            ""note"": 1,
            ""commentaires"": ""La réponse est partiellement correcte, mais elle manque de clarté. Il faut expliquer plus précisément la différence entre un courant continu et un courant alternatif.""
        },
        ""4"": {
            ""note"": 1.5,
            ""commentaires"": ""Des éléments corrects sont mentionnés, mais la réponse manque de précision et de clarté. Il est nécessaire d'expliquer clairement la relation entre le courant et la tension pour chaque élément passif.""
        },
        ""5"": {
            ""note"": 1.5,
            ""commentaires"": ""La réponse est correcte mais manque de précision. Il est important de donner une définition plus précise d'une source idéale de tension.""
        },
        ""6"": {
            ""note"": 1.5,
            ""commentaires"": ""La réponse est correcte mais peut être améliorée. Il est recommandé d'expliquer plus en détail le rôle de l'inductance dans le stockage d'énergie.""
        },
        ""7"": {
            ""note"": 1,
            ""commentaires"": ""La réponse est incomplète et contient des erreurs. Il est nécessaire de donner les critères exacts à considérer dans le choix d'un condensateur.""
        },
        ""8"": {
            ""note"": 1,
            ""commentaires"": ""La réponse est incorrecte. Il est essentiel de donner une explication correcte du Théorème de Thévenin.""
        },
        ""9"": {
            ""note"": 1,
            ""commentaires"": ""La réponse est incorrecte. Il est important de clarifier la définition d'un générateur contrôlé.""
        },
        ""10"": {
            ""note"": 1,
            ""commentaires"": ""La réponse est partiellement correcte, mais elle manque de précision. Il est essentiel d'expliquer plus clairement l'importance du régime harmonique en électronique linéaire.""
        }
    }
}",,"Vous êtes un enseignant qui évalue les réponses d'un étudiant en utilisant les ressources suivantes :

- **Corrigé de l'enseignant** : la réponse idéale à chaque question.
- **Critères de correction** : les normes d'évaluation basées sur la compréhension conceptuelle, l'exactitude des faits et la clarté de l'explication.

**Instructions** :

1. Comparez chaque réponse de l'étudiant au corrigé en suivant les critères établis.
2. Attribuez une note et rédigez un commentaire constructif pour chaque réponse.
3. Fournissez un commentaire global pour orienter l'étudiant vers des améliorations futures.
4. Votre réponse doit être formulée en français et structurée strictement en JSON, sans texte superflu. Les réponses hors de ce format seront ignorées.

**Format de sortie attendu** :
{
    ""advice"": ""Exemple de commentaire global ici."",
    ""grading"": {
        ""1"": {
            ""note"": 2,
            ""commentaires"": ""Bonne réponse, mais peut être améliorée en ajoutant plus de détails.""
        },
        ""2"": {
            ""note"": 1.5,
            ""commentaires"": ""Réponse partiellement correcte, mais manque de précision.""
        },
        ""3"": {
            ""note"": 1,
            ""commentaires"": ""Bonne compréhension du sujet, mais quelques erreurs mineures.""
        }
    }
}"
"{
    ""advice"": ""Bon travail, tu as bien compris de nombreux concepts clés ! Cependant, il est important de clarifier et structurer certaines réponses pour éviter les confusions. Continue à approfondir ta compréhension des bases."",
    ""grading"": {
        ""1"": {
            ""note"": 2,
            ""commentaires"": ""Très bonne explication sur la différence fondamentale entre conducteurs et isolants grâce aux électrons libres.""
        },
        ""2"": {
            ""note"": 2,
            ""commentaires"": ""Excellente réponse qui décrit correctement le rôle du générateur en termes de mise en mouvement des charges.""
        },
        ""3"": {
            ""note"": 2,
            ""commentaires"": ""Bien décrit. La différence entre courant continu et alternatif est bien expliquée en termes de variation temporelle.""
        },
        ""4"": {
            ""note"": 1,
            ""commentaires"": ""La réponse manque de précision. L'admittance n'est pas un élément passif classique, et la description des éléments linéaires et non-linéaires est insuffisante. Les éléments passifs communs incluent la résistance, le condensateur et l'inductance, avec des comportements spécifiques en régime alternatif.""
        },
        ""5"": {
            ""note"": 1,
            ""commentaires"": ""La réponse correcte devrait mentionner que la tension reste constante quelle que soit la charge. Le concept de résistance constante créé une confusion.""
        },
        ""6"": {
            ""note"": 0,
            ""commentaires"": ""La réponse devrait inclure le condensateur et l'inductance comme éléments capables de stocker de l'énergie dans un circuit électrique.""
        },
        ""7"": {
            ""note"": 2,
            ""commentaires"": ""Très bien ! Les critères de capacité, de précision (tolérance) et de tension de service sont exactement ceux à considérer.""
        },
        ""8"": {
            ""note"": 0,
            ""commentaires"": ""Le théorème de Thévenin n'est pas correctement rédigé. Il doit simplifier un circuit à une source de tension et une résistance en série. Attention aux détails corrects.""
        },
        ""9"": {
            ""note"": 0,
            ""commentaires"": ""La définition est incorrecte. Un générateur contrôlé doit être défini par sa dépendance à un autre paramètre électrique, comme une tension ou un courant.""
        },
        ""10"": {
            ""note"": 1,
            ""commentaires"": ""La réponse est correcte dans la plupart des aspects. La mention de la décomposition en signaux sinusoïdaux pourrait être plus claire, et l'importance de la forme sinusoïdale en électronique linéaire pourrait être mieux expliquée.""
        }
    }
}","***CORRIGÉ DE L'ENSEIGNANT***
Question 1 (2 points) : Par rapport a leur à leurs constitutions, quelle est la difference entre un conducteur et un isolant ?

**Reponse : Ceux qui possèdent des électrons libres sont applés conducteurs (essentillement les métaux), et ceux qui n’en possèdent pas, sont appelés isolants.**

Question 2 (2 points) : Quel est le roles d’un générateur ?

**Reponse : Le role du générateur consiste non pas à fabriquer des charges, mais à mettre en mouvement simultané les charges mobiles situéé dans les matériaux conducteurs du circuit électrique.** 

Question 3 (2 points): Quelle est la différence entre un courant continu et un courant alternatif ?

**Reponse : Un courant continu (c.c) est donc un courant indépendant du temps. Les courant alternatif est un courant électrique qui périodiquement change de sens.**

Question 4 (3 points) : Citez trois élements passifs et dites comment est le courant par rapport a la tension dans chaque élément en régime alternatif.

**Reponse : Résistance : Le courant et la tension sont en phase**

**Inductance : La tension u(t) est en avance de phase par rapport au courant i(t).**

**Condensateur : Le courant i(t) est en avance de phase par rapport à la tension u(t).**

Question 5 (2 points) : Qu’est-ce q’une Source idéale de tension ?

**Reponse : Un générateur (source) de tension continue supposé ideal est un générateur qui fournit, entre ses bornes, une différence de potentiel constante, quelle que soit l’intensité du courant qui le traverses, ou en d’autres termes quelle que soit la charge à ses bornes, à** **condition que cette charge ne soit pa nulle.**

Question 6 (1 point) : Quesl est l’element passif qui stock l’energie dans un champ magnétique

**Reponse : L’inductance**

Question 7 (2 ponts) : Quels sont les trois citères à considérer dans le choix d’un conducteur ?

**Reponse : Les critères   à considérer pour le choix d’un condensateur sont :**

-        **Sa capacité qui peut etre indiquée de différentes facons. Il n’ya pas de règles générales respectées par les fabricants;**

-        **Sa précision ou tolérance. Notons à ce sujet que la précision est souvant de l’ordre de 20% et parfois plus notamment pour les condensateur électroniques ;**

-        **Sa tension de service. Cette tension represente la tension l plus élevée supportée par le condensateur.**

Question 8 (2 points) : Enoncer le Théoreme de Thévenin ?

**Reponse : Un circuit électrique linéaire entre deux points A et B peut etre remplacé par un générateur équivalent de Thévenin de force électromotrice Eth et de résistence interne Rth.**

-        **La valeur Eth est égale à la** **tension me****surée entre A et B à Vide**

-        **La résistance interne Rth correspond à la valeur de la résistance vue entre A et B lorsque les sources indépendantes sont passivées.**  

Question 9 (3 points) : C’est quoi un générqteur controlé ?

**Reponse : Un générateur controlé est un générateur dont la valeur nominale de tension ou de courant est fixée par une grandeur életrique du réseau.**

Question 10 (1 point) Pour quels raisons le régime harmonique est très repandu et joue un role considérable en électroniaue linéqire ?

**Reponse :**

-        **La forme du signal sinusoidal et la seule qui se conserve à la traversée d’un système linéaire. En effet, l’intégrale ou la dérivée d’une sinusoide reste toujours une sinusoide avec une amplitude et une phase qui peuvent varier ;**

-        **La théorie de Fourier montre que tout signal peut etre décomposé en une somme infinie de signaux sinusoidaux.**

-        **Enfin, le signal sinusoidal est répandus parce qu’il est facile à produire.**

***CRITÈRES DE CORRECTION**
Cette évaluation compte au total 10 questions et est cotée sur 20 points.

***RÉPONSES DE L'ÉTUDIANT***         Question 1 (2 points): Par rapport à leurs constitutions, quelle est la différence entre un conducteur et un isolant?
Réponse:
	Un conducteur : possède les électrons libres et est constituer des métaux. Tandisqu’
	Un isolant : ne possède pas les électrons libres et est constitue de verre, plastique et parcellaire. 
Question 2 (2 points): Quel est le rôle d'un générateur?
Réponse:
Le générateur de tension ou source de tension a pour rôle de fournir l’énergie sous forme d’un courant électrique en mettant en mouvement simultané les charges mobiles situes dans les matériaux conducteurs du courant. 
Question 3 (2 points): Quelle est la différence entre un courant continu et un courant alternatif?
Réponse:
	Un courant continu : est un courant indépendant du temps. Tandisque ,
	Un courant alternatif : est un courant qui périodiquement change de sens.
Question 4 (3 points): Citez trois éléments passifs et dites comment est le courant par rapport à la tension dans chaque élément en régime alternatif.
Réponse:
Les trois éléments passifs sont : 
	Le condensateur 
	La résistance et 
	L’admittance 
Elément linéaire : Dans cet élément, le courant par rapport à la tension est une droite. 
Elément non linéaire : Dans cet élément, les courant par rapport à la tension n’est pas droite. 
Question 5 (2 points): Qu'est-ce qu'une source idéale de tension ?
Réponse:
Une source idéale de tension fournit à ses bornes une résistance constante. 
	Peu importe le courant électrique. 
	Quelque soient la charge obtenue à condition que cette charge soit nulle. 
Question 6 (1 point): Quel est l'élément passif qui stock l'énergie dans un circuit électrique ?
Réponse:
Le condensateur. 

Question 7 (2 points): Quels sont les trois critères à considérer dans le choix d'un condensateur ?
Réponse:
Les trois critères à considérer dans le choix d’un condensateur sont : 
	La capacité 
	La précision
	La tension de service 
Question 8 (2 points): Enoncez le Théorème de Thévenin?
Réponse:
E_th=(E.R_2)/(R_1+R_2 ), E_th=(R_1.I)/(R_1+R_2 )

Question 9 (3 points): C'est quoi un générateur contrôlé ?
Réponse:
Un générateur contrôlé est un dispositif constitué 2 bornes métalliques dont l’un de dispositif crée un excès d’électrons et l’autre un défaut d’électrons. 
Question 10 (1 points): Pour quels raisons le régime harmonique est très répandu et joue un rôle considérable en électronique linéaire ?
Réponse:
	La forme d’un signal sinusoïdal est la seule qui se conserve d’une sinusoïde reste toujours une sinusoïde avec une amplitude et une phase qui peuvent varier. 
	La théorie de fourrier montre qu’un signal sinusoïdal peut se décomposer en une somme infinie de signaux sinusoïdaux. 
	Enfin, le signal sinusoïdal est très répandu car il est facile à produire.       "," {
    ""advice"": ""Il est important de fournir des réponses claires et précises, en approfondissant les explications pour démontrer une compréhension approfondie des concepts. Travaille également sur la précision des faits pour éviter les erreurs mineures."",
    ""grading"": {
        ""1"": {
            ""note"": 1.5,
            ""commentaires"": ""Bonne tentative, mais la réponse manque de précision sur la différence entre conducteur et isolant. Essaie d'expliquer plus en détail les concepts.""
        },
        ""2"": {
            ""note"": 1,
            ""commentaires"": ""La réponse est partiellement correcte, mais elle manque de clarté et de précision. Essaie d'organiser tes idées de manière plus structurée.""
        },
        ""3"": {
            ""note"": 1.5,
            ""commentaires"": ""Bonne compréhension générale, mais il y a des erreurs dans la définition du courant continu et alternatif. Assure-toi de bien distinguer ces concepts.""
        },
        ""4"": {
            ""note"": 0.5,
            ""commentaires"": ""La réponse est incomplète et contient des erreurs. Travaille sur la distinction entre éléments passifs et actifs, ainsi que sur la relation courant-tension.""
        },
        ""5"": {
            ""note"": 1,
            ""commentaires"": ""La réponse est partiellement correcte, mais elle manque de précision sur la définition d'une source idéale de tension. Essaie d'être plus précis dans tes explications.""
        },
        ""6"": {
            ""note"": 0.5,
            ""commentaires"": ""La réponse est incorrecte. L'élément passif qui stocke de l'énergie dans un champ magnétique est l'inductance, pas le condensateur. Assure-toi de bien connaître les composants passifs.""
        },
        ""7"": {
            ""note"": 1.5,
            ""commentaires"": ""Bonne tentative, mais la réponse manque de clarté et de précision. Travaille sur l'organisation de tes idées et assure-toi de fournir des informations correctes.""
        },
        ""8"": {
            ""note"": 0.5,
            ""commentaires"": ""La réponse est incorrecte. Il est important de bien comprendre le Théorème de Thévenin pour fournir une réponse précise. Revois ce concept pour l'expliquer correctement.""
        },
        ""9"": {
            ""note"": 0,
            ""commentaires"": ""La réponse est incorrecte. Un générateur contrôlé n'est pas décrit correctement. Assure-toi de comprendre clairement ce concept pour fournir une réponse précise.""
        },
        ""10"": {
            ""note"": 1,
            ""commentaires"": ""Bonne compréhension générale, mais la réponse manque de précision et de détails. Essaie d'approfondir tes explications pour mieux illustrer tes connaissances.""
        }
    }
}",,"Vous êtes un enseignant qui évalue les réponses d'un étudiant en utilisant les ressources suivantes :

- **Corrigé de l'enseignant** : la réponse idéale à chaque question.
- **Critères de correction** : les normes d'évaluation basées sur la compréhension conceptuelle, l'exactitude des faits et la clarté de l'explication.

**Instructions** :

1. Comparez chaque réponse de l'étudiant au corrigé en suivant les critères établis.
2. Attribuez une note et rédigez un commentaire constructif pour chaque réponse.
3. Fournissez un commentaire global pour orienter l'étudiant vers des améliorations futures.
4. Votre réponse doit être formulée en français et structurée strictement en JSON, sans texte superflu. Les réponses hors de ce format seront ignorées.

**Format de sortie attendu** :
{
    ""advice"": ""Exemple de commentaire global ici."",
    ""grading"": {
        ""1"": {
            ""note"": 2,
            ""commentaires"": ""Bonne réponse, mais peut être améliorée en ajoutant plus de détails.""
        },
        ""2"": {
            ""note"": 1.5,
            ""commentaires"": ""Réponse partiellement correcte, mais manque de précision.""
        },
        ""3"": {
            ""note"": 1,
            ""commentaires"": ""Bonne compréhension du sujet, mais quelques erreurs mineures.""
        }
    }
}"
"{
    ""advice"": ""Bravo pour tes efforts ! Tu as bien saisi de nombreux concepts. Avec quelques précisions supplémentaires, tu pourras encore améliorer ta performance. Continue à approfondir ta compréhension des bases et veille à détailler tes réponses."",
    ""grading"": {
        ""1"": {
            ""note"": 2,
            ""commentaires"": ""Excellente explication des différences entre conducteurs et isolants en termes d'électrons libres.""
        },
        ""2"": {
            ""note"": 1.5,
            ""commentaires"": ""Bonne réponse. Le rôle est bien décrit, mais tu pourrais mentionner que le générateur convertit souvent une autre forme d'énergie en énergie électrique.""
        },
        ""3"": {
            ""note"": 2,
            ""commentaires"": ""Bonne distinction entre courant continu et alternatif. Peut-être ajouter que le courant continu a une direction fixe.""
        },
        ""4"": {
            ""note"": 1.5,
            ""commentaires"": ""Les éléments identifiés sont corrects, mais l'explication de la relation entre courant et tension en régime alternatif pourrait être plus claire. Par exemple, mentionner que le courant est en phase avec la tension dans une résistance.""
        },
        ""5"": {
            ""note"": 2,
            ""commentaires"": ""Bonne définition d'une source idéale de tension. La condition de charge nulle est sans importance ici.""
        },
        ""6"": {
            ""note"": 1,
            ""commentaires"": ""Correct. L'inductance est en effet l'élément qui stocke l'énergie dans un champ magnétique.""
        },
        ""7"": {
            ""note"": 2,
            ""commentaires"": ""Bien identifié. La capacité, la tolérance et la tension de service sont des critères cruciaux à considérer.""
        },
        ""8"": {
            ""note"": 0,
            ""commentaires"": ""La réponse manque de clarté. Le théorème de Thévenin simplifie un circuit complexe à une source de tension en série avec une résistance. Revois ce concept.""
        },
        ""9"": {
            ""note"": 0,
            ""commentaires"": ""La définition est incorrecte. Un générateur contrôlé est influencé par un autre paramètre électrique, comme une tension ou un courant. Revois ce concept.""
        },
        ""10"": {
            ""note"": 1,
            ""commentaires"": ""Bonne réponse, mais pourrait être formulée plus clairement. Le régime harmonique conserve sa forme, ce qui simplifie l'analyse des systèmes linéaires.""
        }
    }
}","
***CORRIGÉ DE L'ENSEIGNANT***
Question 1 (2 points) : Par rapport a leur à leurs constitutions, quelle est la difference entre un conducteur et un isolant ?

**Reponse : Ceux qui possèdent des électrons libres sont applés conducteurs (essentillement les métaux), et ceux qui n’en possèdent pas, sont appelés isolants.**

Question 2 (2 points) : Quel est le roles d’un générateur ?

**Reponse : Le role du générateur consiste non pas à fabriquer des charges, mais à mettre en mouvement simultané les charges mobiles situéé dans les matériaux conducteurs du circuit électrique.** 

Question 3 (2 points): Quelle est la différence entre un courant continu et un courant alternatif ?

**Reponse : Un courant continu (c.c) est donc un courant indépendant du temps. Les courant alternatif est un courant électrique qui périodiquement change de sens.**

Question 4 (3 points) : Citez trois élements passifs et dites comment est le courant par rapport a la tension dans chaque élément en régime alternatif.

**Reponse : Résistance : Le courant et la tension sont en phase**

**Inductance : La tension u(t) est en avance de phase par rapport au courant i(t).**

**Condensateur : Le courant i(t) est en avance de phase par rapport à la tension u(t).**

Question 5 (2 points) : Qu’est-ce q’une Source idéale de tension ?

**Reponse : Un générateur (source) de tension continue supposé ideal est un générateur qui fournit, entre ses bornes, une différence de potentiel constante, quelle que soit l’intensité du courant qui le traverses, ou en d’autres termes quelle que soit la charge à ses bornes, à** **condition que cette charge ne soit pa nulle.**

Question 6 (1 point) : Quesl est l’element passif qui stock l’energie dans un champ magnétique

**Reponse : L’inductance**

Question 7 (2 ponts) : Quels sont les trois citères à considérer dans le choix d’un conducteur ?

**Reponse : Les critères   à considérer pour le choix d’un condensateur sont :**

-        **Sa capacité qui peut etre indiquée de différentes facons. Il n’ya pas de règles générales respectées par les fabricants;**

-        **Sa précision ou tolérance. Notons à ce sujet que la précision est souvant de l’ordre de 20% et parfois plus notamment pour les condensateur électroniques ;**

-        **Sa tension de service. Cette tension represente la tension l plus élevée supportée par le condensateur.**

Question 8 (2 points) : Enoncer le Théoreme de Thévenin ?

**Reponse : Un circuit électrique linéaire entre deux points A et B peut etre remplacé par un générateur équivalent de Thévenin de force électromotrice Eth et de résistence interne Rth.**

-        **La valeur Eth est égale à la** **tension me****surée entre A et B à Vide**

-        **La résistance interne Rth correspond à la valeur de la résistance vue entre A et B lorsque les sources indépendantes sont passivées.**  

Question 9 (3 points) : C’est quoi un générqteur controlé ?

**Reponse : Un générateur controlé est un générateur dont la valeur nominale de tension ou de courant est fixée par une grandeur életrique du réseau.**

Question 10 (1 point) Pour quels raisons le régime harmonique est très repandu et joue un role considérable en électroniaue linéqire ?

**Reponse :**

-        **La forme du signal sinusoidal et la seule qui se conserve à la traversée d’un système linéaire. En effet, l’intégrale ou la dérivée d’une sinusoide reste toujours une sinusoide avec une amplitude et une phase qui peuvent varier ;**

-        **La théorie de Fourier montre que tout signal peut etre décomposé en une somme infinie de signaux sinusoidaux.**

-        **Enfin, le signal sinusoidal est répandus parce qu’il est facile à produire.**

***CRITÈRES DE CORRECTION**
Cette évaluation compte au total 10 questions et est cotée sur 20 points.

***RÉPONSES DE L'ÉTUDIANT***       Question 1 (2 points): Par rapport à leurs constitutions, quelle est la différence entre un conducteur et un isolant?
Réponse:
	Un conducteur est un corps ayant des électrons libres. (Métaux) (es libres sont des électrons pouvant se détacher de l’atome)
	Un isolant est un corps n’ayant pas des électrons libres (verre, plastique, …)
Question 2 (2 points): Quel est le rôle d'un générateur?
Réponse:
Le rôle d’un générateur de permettre la circulation des charges dans les matériaux électriques. 
Question 3 (2 points): Quelle est la différence entre un courant continu et un courant alternatif?
Réponse:
	Un courant est continu lorsqu’il ne dépend pas du temps. 
	Un courant alternatif vari continuellement avec le temps. 
Question 4 (3 points): Citez trois éléments passifs et dites comment est le courant par rapport à la tension dans chaque élément en régime alternatif.
Réponse:
Les trois éléments passifs sont : 
	Résistance : cd_t=?d_t
	Condensateur : u(t)=R.?
	Inductance : u(t)=l ?_i/?t
Question 5 (2 points): Qu'est-ce qu'une source idéale de tension ?
Réponse:
Une source idéale de tension garde la différence de potentiel aux bornes, quelque soit le courant électrique qui la traverse. A condition que la charge ne soit pas nulle. 
Question 6 (1 point): Quel est l'élément passif qui stock l'énergie dans un circuit électrique ?
Réponse:
L’élément passif qui stock l’énergie dans un champs magnétique est l’inductance. 

Question 7 (2 points): Quels sont les trois critères à considérer dans le choix d'un condensateur ?
Réponse:
Les trois critères à considérer dans le choix d’un condensateur sont : 
	La capacité 
	tolérance 
	La plus haute énergie qu’il puisse stocker. 
Question 8 (2 points): Enoncez le Théorème de Thévenin?
Réponse:
Un générateur idéal peut être remplacer par une différence de potentiel interne de Thévenin Eth et une résistance Rth. 
Question 9 (3 points): C'est quoi un générateur contrôlé ?
Réponse:
Un générateur contrôlé est un générateur qui ne peut pas générer du courant s’il n’est pas alimenté. 
Question 10 (1 points): Pour quels raisons le régime harmonique est très répandu et joue un rôle considérable en électronique linéaire ?
Réponse:
	Le régime harmonique est le seul qui conserve sa forme et la traversé d’un système linaire. d’intégrale et la dérivée d’une sinusoïde est une sinusoïde. 
	Selon le théorème de Fourier, un signal peut se décomposer en une somme infinie des signaux sinusoïdaux 
	Il est le plus répandu parce qu’il est facile à produire. "," {
    ""advice"": ""Dans l'ensemble, tu as une bonne compréhension des concepts abordés. Pour t'améliorer, essaie d'être plus précis dans tes explications et de fournir des détails supplémentaires lorsque c'est nécessaire."",
    ""grading"": {
        ""1"": {
            ""note"": 1.5,
            ""commentaires"": ""Bonne tentative, mais ta réponse manque de détails. Essaie d'expliquer plus en profondeur la différence entre un conducteur et un isolant.""
        },
        ""2"": {
            ""note"": 1,
            ""commentaires"": ""Ta réponse est partiellement correcte, mais elle manque de précision. Essaie d'expliquer plus clairement le rôle d'un générateur.""
        },
        ""3"": {
            ""note"": 1.5,
            ""commentaires"": ""Tu as une bonne compréhension de la différence entre un courant continu et un courant alternatif, mais essaie d'être plus clair dans tes explications.""
        },
        ""4"": {
            ""note"": 0.5,
            ""commentaires"": ""Il y a des erreurs dans tes réponses concernant les éléments passifs. Travaille sur la relation entre courant et tension dans chaque élément.""
        },
        ""5"": {
            ""note"": 1.5,
            ""commentaires"": ""Bonne explication générale, mais essaie d'être plus précis dans ta définition d'une source idéale de tension.""
        },
        ""6"": {
            ""note"": 1,
            ""commentaires"": ""Correct, mais essaie d'ajouter plus de détails sur le rôle de l'inductance dans le stockage d'énergie.""
        },
        ""7"": {
            ""note"": 0.5,
            ""commentaires"": ""Il y a des confusions dans tes réponses sur les critères de choix d'un condensateur. Assure-toi de bien comprendre ces critères.""
        },
        ""8"": {
            ""note"": 1,
            ""commentaires"": ""Ta réponse est partiellement correcte, mais il y a des inexactitudes. Travaille sur ta compréhension du Théorème de Thévenin.""
        },
        ""9"": {
            ""note"": 1.5,
            ""commentaires"": ""Bonne tentative, mais essaie d'être plus clair dans ta définition d'un générateur contrôlé.""
        },
        ""10"": {
            ""note"": 1.5,
            ""commentaires"": ""Tu as une bonne compréhension du régime harmonique, mais essaie d'être plus précis dans tes explications.""
        }
    }
}",,"Vous êtes un enseignant qui évalue les réponses d'un étudiant en utilisant les ressources suivantes :

- **Corrigé de l'enseignant** : la réponse idéale à chaque question.
- **Critères de correction** : les normes d'évaluation basées sur la compréhension conceptuelle, l'exactitude des faits et la clarté de l'explication.

**Instructions** :

1. Comparez chaque réponse de l'étudiant au corrigé en suivant les critères établis.
2. Attribuez une note et rédigez un commentaire constructif pour chaque réponse.
3. Fournissez un commentaire global pour orienter l'étudiant vers des améliorations futures.
4. Votre réponse doit être formulée en français et structurée strictement en JSON, sans texte superflu. Les réponses hors de ce format seront ignorées.

**Format de sortie attendu** :
{
    ""advice"": ""Exemple de commentaire global ici."",
    ""grading"": {
        ""1"": {
            ""note"": 2,
            ""commentaires"": ""Bonne réponse, mais peut être améliorée en ajoutant plus de détails.""
        },
        ""2"": {
            ""note"": 1.5,
            ""commentaires"": ""Réponse partiellement correcte, mais manque de précision.""
        },
        ""3"": {
            ""note"": 1,
            ""commentaires"": ""Bonne compréhension du sujet, mais quelques erreurs mineures.""
        }
    }
}"
"{
    ""advice"": ""Tu es sur la bonne voie, mais il serait bénéfique de consolider certaines notions de base et de clarifier les concepts en électricité. Continue à travailler et n'hésite pas à utiliser des ressources supplémentaires pour t'aider."",
    ""grading"": {
        ""1"": {
            ""note"": 1.5,
            ""commentaires"": ""Bonne tentative pour expliquer la différence. Cependant, il faudrait préciser que dans un conducteur, les électrons libres permettent la circulation du courant, tandis que dans un isolant, les électrons sont fortement liés et ne se déplacent pas facilement.""
        },
        ""2"": {
            ""note"": 1,
            ""commentaires"": ""Tu as bien indiqué le rôle principal d'un générateur. Pour être plus complet, mentionne que le générateur convertit souvent une autre forme d'énergie en énergie électrique, par exemple, mécanique ou chimique.""
        },
        ""3"": {
            ""note"": 2,
            ""commentaires"": ""Très bien! Tu as bien décrit la différence. Un petit ajout pourrait être que le courant continu a un flux unidirectionnel constant, tandis que le courant alternatif inverse sa direction périodiquement.""
        },
        ""4"": {
            ""note"": 2,
            ""commentaires"": ""Une bonne tentative! Pour corriger: dans un condensateur en régime alternatif, le courant est en avance sur la tension; dans une inductance, le courant est en retard par rapport à la tension. Essaye d’expliquer ces relations de phase.""
        },
        ""5"": {
            ""note"": 2,
            ""commentaires"": ""Bonne définition. Une petite clarification: une source idéale de tension maintient une tension constante indépendamment de la charge qui lui est connectée, sauf si la charge n'est pas infinie (pas nulle).""
        },
        ""6"": {
            ""note"": 0,
            ""commentaires"": ""Il manque une réponse complète ici. L'élément passif qui stocke l'énergie dans un circuit est soit un condensateur (énergie électrique) soit une inductance (énergie magnétique).""
        },
        ""7"": {
            ""note"": 2,
            ""commentaires"": ""Bien répondu. Cependant, la 'pression du condensateur' semble incorrecte. Essaye 'la tension nominale', qui est la tension maximale que le condensateur peut supporter.""
        },
        ""8"": {
            ""note"": 0.5,
            ""commentaires"": ""La réponse est incomplète. Le théorème de Thévenin stipule qu'un quelconque réseau linéaire peut être remplacé par une source de tension unique en série avec une résistance unique. Mais attention aux termes utilisés.""
        },
        ""9"": {
            ""note"": 0,
            ""commentaires"": ""Confusion dans la réponse. Un générateur contrôlé (ou dépendant) a une sortie dépendant d'une autre variable dans le circuit (tension ou courant). Cela nécessite révision et clarification.""
        },
        ""10"": {
            ""note"": 1,
            ""commentaires"": ""La manipulation du signal sinusoïdal est correcte, mais la formulation et les détails doivent être revus. Le signal sinusoïdal est fondamental car il est facile à analyser grâce à la transformée de Fourier, qui permet de décomposer tous les signaux périodiques en séries sinus/cosinus.""
        }
    }
}","***CORRIGÉ DE L'ENSEIGNANT***
Question 1 (2 points) : Par rapport a leur à leurs constitutions, quelle est la difference entre un conducteur et un isolant ?

**Reponse : Ceux qui possèdent des électrons libres sont applés conducteurs (essentillement les métaux), et ceux qui n’en possèdent pas, sont appelés isolants.**

Question 2 (2 points) : Quel est le roles d’un générateur ?

**Reponse : Le role du générateur consiste non pas à fabriquer des charges, mais à mettre en mouvement simultané les charges mobiles situéé dans les matériaux conducteurs du circuit électrique.** 

Question 3 (2 points): Quelle est la différence entre un courant continu et un courant alternatif ?

**Reponse : Un courant continu (c.c) est donc un courant indépendant du temps. Les courant alternatif est un courant électrique qui périodiquement change de sens.**

Question 4 (3 points) : Citez trois élements passifs et dites comment est le courant par rapport a la tension dans chaque élément en régime alternatif.

**Reponse : Résistance : Le courant et la tension sont en phase**

**Inductance : La tension u(t) est en avance de phase par rapport au courant i(t).**

**Condensateur : Le courant i(t) est en avance de phase par rapport à la tension u(t).**

Question 5 (2 points) : Qu’est-ce q’une Source idéale de tension ?

**Reponse : Un générateur (source) de tension continue supposé ideal est un générateur qui fournit, entre ses bornes, une différence de potentiel constante, quelle que soit l’intensité du courant qui le traverses, ou en d’autres termes quelle que soit la charge à ses bornes, à** **condition que cette charge ne soit pa nulle.**

Question 6 (1 point) : Quesl est l’element passif qui stock l’energie dans un champ magnétique

**Reponse : L’inductance**

Question 7 (2 ponts) : Quels sont les trois citères à considérer dans le choix d’un conducteur ?

**Reponse : Les critères   à considérer pour le choix d’un condensateur sont :**

-        **Sa capacité qui peut etre indiquée de différentes facons. Il n’ya pas de règles générales respectées par les fabricants;**

-        **Sa précision ou tolérance. Notons à ce sujet que la précision est souvant de l’ordre de 20% et parfois plus notamment pour les condensateur électroniques ;**

-        **Sa tension de service. Cette tension represente la tension l plus élevée supportée par le condensateur.**

Question 8 (2 points) : Enoncer le Théoreme de Thévenin ?

**Reponse : Un circuit électrique linéaire entre deux points A et B peut etre remplacé par un générateur équivalent de Thévenin de force électromotrice Eth et de résistence interne Rth.**

-        **La valeur Eth est égale à la** **tension me****surée entre A et B à Vide**

-        **La résistance interne Rth correspond à la valeur de la résistance vue entre A et B lorsque les sources indépendantes sont passivées.**  

Question 9 (3 points) : C’est quoi un générqteur controlé ?

**Reponse : Un générateur controlé est un générateur dont la valeur nominale de tension ou de courant est fixée par une grandeur életrique du réseau.**

Question 10 (1 point) Pour quels raisons le régime harmonique est très repandu et joue un role considérable en électroniaue linéqire ?

**Reponse :**

-        **La forme du signal sinusoidal et la seule qui se conserve à la traversée d’un système linéaire. En effet, l’intégrale ou la dérivée d’une sinusoide reste toujours une sinusoide avec une amplitude et une phase qui peuvent varier ;**

-        **La théorie de Fourier montre que tout signal peut etre décomposé en une somme infinie de signaux sinusoidaux.**

-        **Enfin, le signal sinusoidal est répandus parce qu’il est facile à produire.**

***CRITÈRES DE CORRECTION**
Cette évaluation compte au total 10 questions et est cotée sur 20 points.

***RÉPONSES DE L'ÉTUDIANT***

**Question 1 (2 points):** Par rapport à leurs constitutions, quelle est la différence entre un conducteur et un isolant?

**Réponse:**

- Un conducteur est des atomes possédant des électrons célibataires sur sa couche périphérique, par conséquent, il peut conduire le courant électrique
- Un isolant est des atomes ne possèdent pas d’électrons célibataires sur sa couche périphérique. Il ne conduit pas le courant électrique.

**Question 2 (2 points):** Quel est le rôle d'un générateur?

**Réponse:**

Un générateur a pour rôle de fournir l’énergie a un récepteur enfin qu’elle soit transformée en une autre forme d’énergie.

**Question 3 (2 points):** Quelle est la différence entre un courant continu et un courant alternatif?

**Réponse:**

- Un courant est continu est un courant indépendant du temps, il ne change pas asset le temps.  
- Un courant alternatif est un courant qui change périodiquement.  

**Question 4 (3 points):** Citez trois éléments passifs et dites comment est le courant par rapport à la tension dans chaque élément en régime alternatif.

**Réponse:**

**1.**     La résistance, en régime alternatif le courant et la phase avec la tension

**2.**     Le condensateur, en régime alternatif le courant est inferieur a la tension

**3.**     L’inductance, en régime alternatif le courant est supérieur à la tension.

**Question 5 (2 points):** Qu'est-ce qu'une source idéale de tension ?

**Réponse:**

Une source idéale de tension est un générateur qui fourni a ses bornes une différence de potentiel constante quelque soit le courant qui le transverse, cad quelque soit la charge a condition qu’elle ne soit pas nulle.

**Question 6 (1 point):** Quel est l'élément passif qui stock l'énergie dans un circuit électrique ?

**Réponse:**

L’élément passif qui stock l’énergie dans un champs magnétique.

**Question 7 (2 points):** Quels sont les trois critères à considérer dans le choix d'un condensateur ?

**Réponse:**

Les trois critères à considérer dans le choix d’un condensateur sont :

-        La capacité du condensateur

-        La précision ou tolérance du condensateur.

-        La pression du condensateur

**Question 8 (2 points):** Enoncez le Théorème de Thévenin?

**Réponse:**

Un circuit électrique soumis a une tension interne Eg aux bornes AB est de résistance interne Rg est remplacé par une tension Eth dite tension de Thévenin est une résistance Rth résistance de Thévenin dont :

1.     Eth correspond à la tension interne du circuit de source.

2.     Rth Correspond à la résistance interne du circuit de la source passive.

**Question 9 (3 points):** C'est quoi un générateur contrôlé ?

**Réponse:**

Un générateur contrôlé est un générateur qui est suivie avec l’inductance et le condensateur.

**Question 10 (1 points):** Pour quels raisons le régime harmonique est très répandu et joue un rôle considérable en électronique linéaire ?

**Réponse:**

1)    Le signale sinusoïdale est facilement manipulable

2)    Le théorème de Fourier montrer que tout circuit sinusoïdale, en abstient toujours un circuit sinusoïdale."," {
    ""advice"": ""Il est important de fournir des réponses précises, complètes et structurées. Assure-toi de bien comprendre les concepts et de les expliquer de manière claire et concise."",
    ""grading"": {
        ""1"": {
            ""note"": 1,
            ""commentaires"": ""La réponse montre une certaine compréhension, mais il manque des détails importants. Il serait bon d'expliquer plus en détail la différence entre un conducteur et un isolant.""
        },
        ""2"": {
            ""note"": 0.5,
            ""commentaires"": ""La réponse est partiellement correcte, mais elle manque de précision. Il est essentiel d'expliquer plus clairement le rôle d'un générateur dans un circuit électrique.""
        },
        ""3"": {
            ""note"": 1,
            ""commentaires"": ""Bonne compréhension des concepts de courant continu et alternatif. Cependant, la réponse aurait pu être plus claire en expliquant de manière plus précise la différence entre les deux types de courant.""
        },
        ""4"": {
            ""note"": 0.5,
            ""commentaires"": ""Des erreurs dans la réponse. Il est essentiel de revoir la relation entre le courant et la tension pour les éléments passifs en régime alternatif.""
        },
        ""5"": {
            ""note"": 1,
            ""commentaires"": ""Bonne définition d'une source idéale de tension. Cependant, il est important d'améliorer la clarté et la précision de l'explication.""
        },
        ""6"": {
            ""note"": 0.5,
            ""commentaires"": ""Réponse correcte, mais il est essentiel de fournir le terme exact pour l'élément passif stockant de l'énergie dans un champ magnétique.""
        },
        ""7"": {
            ""note"": 0.5,
            ""commentaires"": ""La réponse contient des informations incorrectes. Il est nécessaire de revoir les critères à considérer pour le choix d'un condensateur.""
        },
        ""8"": {
            ""note"": 0.5,
            ""commentaires"": ""Des erreurs dans la formulation du Théorème de Thévenin. Il est important de revoir et de clarifier ce concept.""
        },
        ""9"": {
            ""note"": 0,
            ""commentaires"": ""La réponse est incorrecte. Il est essentiel de revoir la définition d'un générateur contrôlé et d'apporter des corrections.""
        },
        ""10"": {
            ""note"": 0.5,
            ""commentaires"": ""La réponse est partiellement correcte, mais elle manque de clarté et de précision. Il est important d'expliquer plus en détail le rôle du régime harmonique en électronique linéaire.""
        }
    }
}",,"Vous êtes un enseignant qui évalue les réponses d'un étudiant en utilisant les ressources suivantes :

- **Corrigé de l'enseignant** : la réponse idéale à chaque question.
- **Critères de correction** : les normes d'évaluation basées sur la compréhension conceptuelle, l'exactitude des faits et la clarté de l'explication.

**Instructions** :

1. Comparez chaque réponse de l'étudiant au corrigé en suivant les critères établis.
2. Attribuez une note et rédigez un commentaire constructif pour chaque réponse.
3. Fournissez un commentaire global pour orienter l'étudiant vers des améliorations futures.
4. Votre réponse doit être formulée en français et structurée strictement en JSON, sans texte superflu. Les réponses hors de ce format seront ignorées.

**Format de sortie attendu** :
{
    ""advice"": ""Exemple de commentaire global ici."",
    ""grading"": {
        ""1"": {
            ""note"": 2,
            ""commentaires"": ""Bonne réponse, mais peut être améliorée en ajoutant plus de détails.""
        },
        ""2"": {
            ""note"": 1.5,
            ""commentaires"": ""Réponse partiellement correcte, mais manque de précision.""
        },
        ""3"": {
            ""note"": 1,
            ""commentaires"": ""Bonne compréhension du sujet, mais quelques erreurs mineures.""
        }
    }
}"
"{
    ""advice"": ""Continue de travailler sur les concepts fondamentaux de l'électricité afin d'acquérir une meilleure compréhension et d'expliquer plus clairement tes réponses. N'hésite pas à consulter des livres ou des ressources en ligne pour t'aider."",
    ""grading"": {
        ""1"": {
            ""note"": 1,
            ""commentaires"": ""La distinction entre conducteur et isolant est trop simplifiée. Un conducteur permet le passage facile des charges électriques en raison des électrons libres, tandis qu'un isolant ne le permet pas en raison de ses électrons fortement liés.""
        },
        ""2"": {
            ""note"": 1,
            ""commentaires"": ""Bonne tentative. Cependant, il manque des détails. Un générateur convertit une autre forme d'énergie en énergie électrique, et génère donc un courant électrique à travers un circuit.""
        },
        ""3"": {
            ""note"": 2,
            ""commentaires"": ""Bien expliqué. Toutefois, évite de dire que le courant alternatif 's’interrompt'. Précise plutôt qu'il change de direction périodiquement.""
        },
        ""4"": {
            ""note"": 2,
            ""commentaires"": ""Tu as bien cité les éléments passifs. Pour mieux répondre à la question, précise les déphasages : le courant est en avance dans un condensateur, en phase dans une résistance, et en retard dans une inductance.""
        },
        ""5"": {
            ""note"": 1.5,
            ""commentaires"": ""Pas mal, mais attention : une source idéale de tension maintient une tension constante, quelle que soit la charge, tant que ce n'est pas un court-circuit (pas 'nulle').""
        },
        ""6"": {
            ""note"": 1,
            ""commentaires"": ""Correct, mais incomplet : précise que l'inductance stocke l'énergie dans un champ magnétique, tandis qu'un condensateur la stocke électriquement.""
        },
        ""7"": {
            ""note"": 1.5,
            ""commentaires"": ""Bien commencé, mais incomplet. Les critères incluent la capacité, la tolérance, et la tension nominale. Attention à la terminologie utilisée ('précision aux tolérances' est ambigu).""
        },
        ""8"": {
            ""note"": 1,
            ""commentaires"": ""La réponse mentionne des concepts pertinents mais manque de clarté. Le théorème de Thévenin indique qu’un circuit peut être simplifié en une source de tension unique en série avec une résistance unique.""
        },
        ""9"": {
            ""note"": 0,
            ""commentaires"": ""Confusion dans la définition. Un générateur contrôlé a une sortie dépendante d'une autre variable du circuit, par exemple, tension ou courant. Revois la définition.""
        },
        ""10"": {
            ""note"": 1,
            ""commentaires"": ""Quelques idées sont juste. Le régime harmonique est répandu car les signaux sinusoïdaux peuvent être manipulés facilement grâce aux propriétés de linéarité et à la transformée de Fourier.""
        }
    }
}","***CORRIGÉ DE L'ENSEIGNANT***
Question 1 (2 points) : Par rapport a leur à leurs constitutions, quelle est la difference entre un conducteur et un isolant ?

**Reponse : Ceux qui possèdent des électrons libres sont applés conducteurs (essentillement les métaux), et ceux qui n’en possèdent pas, sont appelés isolants.**

Question 2 (2 points) : Quel est le roles d’un générateur ?

**Reponse : Le role du générateur consiste non pas à fabriquer des charges, mais à mettre en mouvement simultané les charges mobiles situéé dans les matériaux conducteurs du circuit électrique.** 

Question 3 (2 points): Quelle est la différence entre un courant continu et un courant alternatif ?

**Reponse : Un courant continu (c.c) est donc un courant indépendant du temps. Les courant alternatif est un courant électrique qui périodiquement change de sens.**

Question 4 (3 points) : Citez trois élements passifs et dites comment est le courant par rapport a la tension dans chaque élément en régime alternatif.

**Reponse : Résistance : Le courant et la tension sont en phase**

**Inductance : La tension u(t) est en avance de phase par rapport au courant i(t).**

**Condensateur : Le courant i(t) est en avance de phase par rapport à la tension u(t).**

Question 5 (2 points) : Qu’est-ce q’une Source idéale de tension ?

**Reponse : Un générateur (source) de tension continue supposé ideal est un générateur qui fournit, entre ses bornes, une différence de potentiel constante, quelle que soit l’intensité du courant qui le traverses, ou en d’autres termes quelle que soit la charge à ses bornes, à** **condition que cette charge ne soit pa nulle.**

Question 6 (1 point) : Quesl est l’element passif qui stock l’energie dans un champ magnétique

**Reponse : L’inductance**

Question 7 (2 ponts) : Quels sont les trois citères à considérer dans le choix d’un conducteur ?

**Reponse : Les critères   à considérer pour le choix d’un condensateur sont :**

-        **Sa capacité qui peut etre indiquée de différentes facons. Il n’ya pas de règles générales respectées par les fabricants;**

-        **Sa précision ou tolérance. Notons à ce sujet que la précision est souvant de l’ordre de 20% et parfois plus notamment pour les condensateur électroniques ;**

-        **Sa tension de service. Cette tension represente la tension l plus élevée supportée par le condensateur.**

Question 8 (2 points) : Enoncer le Théoreme de Thévenin ?

**Reponse : Un circuit électrique linéaire entre deux points A et B peut etre remplacé par un générateur équivalent de Thévenin de force électromotrice Eth et de résistence interne Rth.**

-        **La valeur Eth est égale à la** **tension me****surée entre A et B à Vide**

-        **La résistance interne Rth correspond à la valeur de la résistance vue entre A et B lorsque les sources indépendantes sont passivées.**  

Question 9 (3 points) : C’est quoi un générqteur controlé ?

**Reponse : Un générateur controlé est un générateur dont la valeur nominale de tension ou de courant est fixée par une grandeur életrique du réseau.**

Question 10 (1 point) Pour quels raisons le régime harmonique est très repandu et joue un role considérable en électroniaue linéqire ?

**Reponse :**

-        **La forme du signal sinusoidal et la seule qui se conserve à la traversée d’un système linéaire. En effet, l’intégrale ou la dérivée d’une sinusoide reste toujours une sinusoide avec une amplitude et une phase qui peuvent varier ;**

-        **La théorie de Fourier montre que tout signal peut etre décomposé en une somme infinie de signaux sinusoidaux.**

-        **Enfin, le signal sinusoidal est répandus parce qu’il est facile à produire.**

***CRITÈRES DE CORRECTION**
Cette évaluation compte au total 10 questions et est cotée sur 20 points.

***RÉPONSES DE L'ÉTUDIANT***

**Question 1 (2 points):** Par rapport à leurs constitutions, quelle est la différence entre un conducteur et un isolant?

**Réponse:**

- Un conducteur est celui qui conduit de l’électricité (courant électrique) Example : un condensateur, une résistance
- Une isolant est celui qui ne permet pas le passage de l’électricité.

**Question 2 (2 points):** Quel est le rôle d'un générateur?

**Réponse:**

Le générateur fournit de l’électricité les sens de flèches de intensité de courant et de la tension sont le même.

**Question 3 (2 points):** Quelle est la différence entre un courant continu et un courant alternatif?

**Réponse:**

Un courant continu est un courant qui ne s’interrompt pas tout au long du temps pour un condensateur on parle de circuit ouvert

Un courant alternatif est un courant qui change après une période donnée on peut voir les cas des signaux sinusoïdaux (Il s’interrompt de temps en temps)

**Question 4 (3 points):** Citez trois éléments passifs et dites comment est le courant par rapport à la tension dans chaque élément en régime alternatif.

**Réponse:**

Les 3 éléments passifs sont le condensateur, la résistance et l’inductance

**Question 5 (2 points):** Qu'est-ce qu'une source idéale de tension ?

**Réponse:**

Une source idéal de tension est une source ou la différence de potentiels d(au tension) est la même peu import l’intensité du courant électrique qui la traverse, quelle que soit la charge a ses bases a condition qu’elle soit nulle.

**Question 6 (1 point):** Quel est l'élément passif qui stock l'énergie dans un circuit électrique ?

**Réponse:**

L’élément passif qui stock l’énergie dans un champs magnétique est l’inductance

**Question 7 (2 points):** Quels sont les trois critères à considérer dans le choix d'un condensateur ?

**Réponse:**

Les critères s considérer

-        Sa précision aux tolérances

-        Sa tension

-         

**Question 8 (2 points):** Enoncez le Théorème de Thévenin?

**Réponse:**

-        La valeur Eth est la tension qui se trouve entre A et B A vide

-        La résistance Rth est une résistance qu’on  retrouve entre A et B et les valeurs indépendantes passivées.  

**Question 9 (3 points):** C'est quoi un générateur contrôlé ?

**Réponse:**

Un générateur contrôlé est celui qui absorbe de l’électricité et qui va la fournir lorsque le moment sera voulu et un générateur qui ne peut pas fournir du courant s’il n’est pas alimente.

**Question 10 (1 points):** Pour quels raisons le régime harmonique est très répandu et joue un rôle considérable en électronique linéaire ?

**Réponse:**

-        Le théorème de Fourier dit que le régime harmonique peut être considérer comme la somme infinie des signaux sinusoïdaux

-        Il est facile à reproduire

-        Les signaux sont les seuls qui ne change pas et devienne pas linéaires"," {
    ""advice"": ""Il est important de fournir des réponses précises, complètes et claires. Assure-toi de bien comprendre les concepts et de les expliquer de manière adéquate."",
    ""grading"": {
        ""1"": {
            ""note"": 1.5,
            ""commentaires"": ""Bonne tentative, mais la réponse manque de précision. Il est essentiel de décrire plus en détail la différence entre un conducteur et un isolant en termes de constitution et de comportement face aux électrons.""
        },
        ""2"": {
            ""note"": 0.5,
            ""commentaires"": ""La réponse est partiellement correcte, mais elle manque de clarté et de précision. Il est nécessaire d'expliquer plus en détail le rôle d'un générateur dans un circuit électrique.""
        },
        ""3"": {
            ""note"": 0.5,
            ""commentaires"": ""La réponse contient des éléments corrects, mais elle est confuse et imprécise. Il est important de distinguer clairement entre un courant continu et un courant alternatif en termes de direction et de caractéristiques.""
        },
        ""4"": {
            ""note"": 0.5,
            ""commentaires"": ""Les éléments cités ne sont pas corrects. Il est essentiel de revoir les éléments passifs et d'expliquer correctement la relation entre le courant et la tension dans chaque élément en régime alternatif.""
        },
        ""5"": {
            ""note"": 0.5,
            ""commentaires"": ""La réponse est incorrecte. Il est nécessaire de donner une définition précise d'une source idéale de tension en électricité.""
        },
        ""6"": {
            ""note"": 0.5,
            ""commentaires"": ""La réponse est incorrecte. Il est essentiel de connaître l'élément passif qui stocke l'énergie dans un champ magnétique en électricité.""
        },
        ""7"": {
            ""note"": 0.5,
            ""commentaires"": ""La réponse est vague et incomplète. Il est crucial de bien comprendre les critères de choix d'un condensateur en électricité.""
        },
        ""8"": {
            ""note"": 0,
            ""commentaires"": ""La réponse est incorrecte et incompréhensible. Il est primordial de connaître et d'expliquer correctement le Théorème de Thévenin en électricité.""
        },
        ""9"": {
            ""note"": 0.5,
            ""commentaires"": ""La réponse est imprécise. Il est essentiel de donner une définition claire d'un générateur contrôlé en électricité.""
        },
        ""10"": {
            ""note"": 0.5,
            ""commentaires"": ""La réponse est vague et manque de précision. Il est important d'expliquer en détail l'importance du régime harmonique en électronique linéaire.""
        }
    }
}",,"Vous êtes un enseignant qui évalue les réponses d'un étudiant en utilisant les ressources suivantes :

- **Corrigé de l'enseignant** : la réponse idéale à chaque question.
- **Critères de correction** : les normes d'évaluation basées sur la compréhension conceptuelle, l'exactitude des faits et la clarté de l'explication.

**Instructions** :

1. Comparez chaque réponse de l'étudiant au corrigé en suivant les critères établis.
2. Attribuez une note et rédigez un commentaire constructif pour chaque réponse.
3. Fournissez un commentaire global pour orienter l'étudiant vers des améliorations futures.
4. Votre réponse doit être formulée en français et structurée strictement en JSON, sans texte superflu. Les réponses hors de ce format seront ignorées.

**Format de sortie attendu** :
{
    ""advice"": ""Exemple de commentaire global ici."",
    ""grading"": {
        ""1"": {
            ""note"": 2,
            ""commentaires"": ""Bonne réponse, mais peut être améliorée en ajoutant plus de détails.""
        },
        ""2"": {
            ""note"": 1.5,
            ""commentaires"": ""Réponse partiellement correcte, mais manque de précision.""
        },
        ""3"": {
            ""note"": 1,
            ""commentaires"": ""Bonne compréhension du sujet, mais quelques erreurs mineures.""
        }
    }
}"
"{
    ""advice"": ""Ne te décourage pas ! Il est essentiel de revoir les concepts de base de l'électricité. Concentre-toi sur la compréhension des termes clés et structure bien tes réponses. Avec un peu de pratique, tu feras de beaux progrès."",
    ""grading"": {
        ""1"": {
            ""note"": 0.5,
            ""commentaires"": ""La distinction est basée sur des exemples de matériaux (métal pour conducteur et porcelaine pour isolant) mais ne décrit pas le fonctionnement. Un conducteur permet le passage des charges électriques grâce à la présence d'électrons libres, alors qu'un isolant ne le permet pas.""
        },
        ""2"": {
            ""note"": 2,
            ""commentaires"": ""Bonne réponse! Tu as bien expliqué que le générateur incite au mouvement des charges dans un circuit. Pour être complet, tu peux mentionner qu’il convertit une autre forme d'énergie en énergie électrique.""
        },
        ""3"": {
            ""note"": 1.5,
            ""commentaires"": ""Bonne distinction entre courant continu et alternatif. Juste une amélioration de la formulation : un courant continu maintient une direction constante, tandis qu'un courant alternatif change de direction périodiquement.""
        },
        ""4"": {
            ""note"": 1,
            ""commentaires"": ""Les éléments passifs ne sont pas tous correctement identifiés : considère une résistance à la place d'un 'récepteur'. En AC, le courant est en avance sur la tension dans un condensateur, en phase dans une résistance, et en retard dans une inductance.""
        },
        ""5"": {
            ""note"": 1.5,
            ""commentaires"": ""Il y a une confusion entre tension et intensité. Une source idéale de tension maintient une différence de potentiel fixe, quelle que soit la charge branchée, tant que la charge est non-infinie.""
        },
        ""6"": {
            ""note"": 0,
            ""commentaires"": ""Un condensateur stocke de l'énergie électrique, mais l'élément cité pour l'énergie peut aussi être l'inductance pour le magnétique. La réponse est incomplète sans cette mention.""
        },
        ""7"": {
            ""note"": 1,
            ""commentaires"": ""Les critères mentionnés sont vagues. On parle de capacité (en Farads), de tolérance, et de tension nominale comme critères pour le choix d’un condensateur.""
        },
        ""8"": {
            ""note"": 0,
            ""commentaires"": ""La question n'est pas répondue correctement. Le théorème de Thévenin stipule qu'un circuit linéaire peut être simplifié en une source de tension unique en série avec une résistance unique.""
        },
        ""9"": {
            ""note"": 0,
            ""commentaires"": ""Il y a une confusion. Un générateur contrôlé a une sortie qui dépend d'une autre variable du circuit, contrairement à une simple capacité de stockage. Revois les exemples de générateurs dépendants à base de tensions ou de courants.""
        },
        ""10"": {
            ""note"": 1,
            ""commentaires"": ""Quelques bonnes idées, mais la formulation est à améliorer. En transformée de Fourier, tout signal périodique peut être décomposé en somme de sinusoïdes, ce qui rend le régime harmonique très utile et répandu en électronique linéaire.""
        }
    }
}","***CORRIGÉ DE L'ENSEIGNANT***
Question 1 (2 points) : Par rapport a leur à leurs constitutions, quelle est la difference entre un conducteur et un isolant ?

**Reponse : Ceux qui possèdent des électrons libres sont applés conducteurs (essentillement les métaux), et ceux qui n’en possèdent pas, sont appelés isolants.**

Question 2 (2 points) : Quel est le roles d’un générateur ?

**Reponse : Le role du générateur consiste non pas à fabriquer des charges, mais à mettre en mouvement simultané les charges mobiles situéé dans les matériaux conducteurs du circuit électrique.** 

Question 3 (2 points): Quelle est la différence entre un courant continu et un courant alternatif ?

**Reponse : Un courant continu (c.c) est donc un courant indépendant du temps. Les courant alternatif est un courant électrique qui périodiquement change de sens.**

Question 4 (3 points) : Citez trois élements passifs et dites comment est le courant par rapport a la tension dans chaque élément en régime alternatif.

**Reponse : Résistance : Le courant et la tension sont en phase**

**Inductance : La tension u(t) est en avance de phase par rapport au courant i(t).**

**Condensateur : Le courant i(t) est en avance de phase par rapport à la tension u(t).**

Question 5 (2 points) : Qu’est-ce q’une Source idéale de tension ?

**Reponse : Un générateur (source) de tension continue supposé ideal est un générateur qui fournit, entre ses bornes, une différence de potentiel constante, quelle que soit l’intensité du courant qui le traverses, ou en d’autres termes quelle que soit la charge à ses bornes, à** **condition que cette charge ne soit pa nulle.**

Question 6 (1 point) : Quesl est l’element passif qui stock l’energie dans un champ magnétique

**Reponse : L’inductance**

Question 7 (2 ponts) : Quels sont les trois citères à considérer dans le choix d’un conducteur ?

**Reponse : Les critères   à considérer pour le choix d’un condensateur sont :**

-        **Sa capacité qui peut etre indiquée de différentes facons. Il n’ya pas de règles générales respectées par les fabricants;**

-        **Sa précision ou tolérance. Notons à ce sujet que la précision est souvant de l’ordre de 20% et parfois plus notamment pour les condensateur électroniques ;**

-        **Sa tension de service. Cette tension represente la tension l plus élevée supportée par le condensateur.**

Question 8 (2 points) : Enoncer le Théoreme de Thévenin ?

**Reponse : Un circuit électrique linéaire entre deux points A et B peut etre remplacé par un générateur équivalent de Thévenin de force électromotrice Eth et de résistence interne Rth.**

-        **La valeur Eth est égale à la** **tension me****surée entre A et B à Vide**

-        **La résistance interne Rth correspond à la valeur de la résistance vue entre A et B lorsque les sources indépendantes sont passivées.**  

Question 9 (3 points) : C’est quoi un générqteur controlé ?

**Reponse : Un générateur controlé est un générateur dont la valeur nominale de tension ou de courant est fixée par une grandeur életrique du réseau.**

Question 10 (1 point) Pour quels raisons le régime harmonique est très repandu et joue un role considérable en électroniaue linéqire ?

**Reponse :**

-        **La forme du signal sinusoidal et la seule qui se conserve à la traversée d’un système linéaire. En effet, l’intégrale ou la dérivée d’une sinusoide reste toujours une sinusoide avec une amplitude et une phase qui peuvent varier ;**

-        **La théorie de Fourier montre que tout signal peut etre décomposé en une somme infinie de signaux sinusoidaux.**

-        **Enfin, le signal sinusoidal est répandus parce qu’il est facile à produire.**

***CRITÈRES DE CORRECTION**
Cette évaluation compte au total 10 questions et est cotée sur 20 points.

***RÉPONSES DE L'ÉTUDIANT***                  Question 1 (2 points): Par rapport à leurs constitutions, quelle est la différence entre un conducteur et un isolant?
Réponse:
Un conducteur est en métal tandis qu’un isolant peut être en porcelaine. 
Question 2 (2 points): Quel est le rôle d'un générateur?
Réponse:
Le rôle d’un générateur est de mettre en mouvement simultané les charges mobiles situées dans les matériaux conducteurs. 
Question 3 (2 points): Quelle est la différence entre un courant continu et un courant alternatif?
Réponse:
Un courant continu est un courant qui ne change pas son sens son au coures du temps lorsqu’un courant alternatif est celui qui périodiquement change son sens. 
Question 4 (3 points): Citez trois éléments passifs et dites comment est le courant par rapport à la tension dans chaque élément en régime alternatif.
Réponse:
	Un condensateur : le courant y est stocké 
	Un récepteur : l’énergie électrique se transforme en diverses énergies. 
	Une inductance
Question 5 (2 points): Qu'est-ce qu'une source idéale de tension ?
Réponse:
Une source idéale de tension est une source qui fournit une intensité constante, quelque soit la charge qui la traverse. A condition que cette charge ne soit pas nulle. 
Question 6 (1 point): Quel est l'élément passif qui stock l'énergie dans un circuit électrique ?
Réponse:
Un condensateur 

Question 7 (2 points): Quels sont les trois critères à considérer dans le choix d'un condensateur ?
Réponse:
	La précision 
	Sa capacite à stocker l’énergie 
Question 8 (2 points): Enoncez le Théorème de Thévenin?
Réponse:
U=R_2/(R ?_1+R_2 )  I
Question 9 (3 points): C'est quoi un générateur contrôlé ?
Réponse:
Un générateur contrôlé est un générateur dont la capacité est en surveillance. 
Question 10 (1 points): Pour quels raisons le régime harmonique est très répandu et joue un rôle considérable en électronique linéaire ?
Réponse:
	La forme d’un signal sinusoidal est la seule qui se conserve a la travée d’un système linéaire 
	La théorie de fourrie demontre que tout signal sinusoïdal peut se décomposer en une somme de signaux sinusoïdaux. 
	Le signal sinusoïdal peut facilement se produire"," {
    ""advice"": ""Il est important de fournir des réponses précises et détaillées pour chaque question. Assure-toi de bien comprendre les concepts et de les expliquer clairement."",
    ""grading"": {
        ""1"": {
            ""note"": 1,
            ""commentaires"": ""La réponse est partiellement correcte, mais il est essentiel d'ajouter plus de détails sur les électrons libres et l'absence d'électrons libres dans les conducteurs et les isolants.""
        },
        ""2"": {
            ""note"": 1.5,
            ""commentaires"": ""Bonne tentative, mais la réponse manque de précision sur le rôle spécifique d'un générateur dans un circuit électrique.""
        },
        ""3"": {
            ""note"": 1,
            ""commentaires"": ""La réponse montre une compréhension de base, mais il y a des erreurs sur la définition du courant continu et alternatif. Assure-toi de bien différencier ces concepts.""
        },
        ""4"": {
            ""note"": 0.5,
            ""commentaires"": ""Les éléments cités sont corrects, mais il est nécessaire de clarifier la relation entre le courant et la tension pour chaque élément passif en régime alternatif.""
        },
        ""5"": {
            ""note"": 0.5,
            ""commentaires"": ""La réponse est incomplète. Il est essentiel d'expliquer plus en détail ce qu'est une source idéale de tension et sa caractéristique principale.""
        },
        ""6"": {
            ""note"": 0,
            ""commentaires"": ""La réponse est incorrecte. Il est important de revoir la définition de l'élément passif qui stocke de l'énergie dans un champ magnétique.""
        },
        ""7"": {
            ""note"": 0.5,
            ""commentaires"": ""Les critères énoncés ne correspondent pas à ceux attendus pour le choix d'un condensateur. Assure-toi de bien comprendre les caractéristiques à considérer.""
        },
        ""8"": {
            ""note"": 0,
            ""commentaires"": ""La réponse ne correspond pas au Théorème de Thévenin. Il est nécessaire de revoir ce concept et de fournir une explication correcte.""
        },
        ""9"": {
            ""note"": 0.5,
            ""commentaires"": ""La réponse est vague. Il est important de clarifier la définition d'un générateur contrôlé et d'expliquer en quoi il diffère d'un générateur classique.""
        },
        ""10"": {
            ""note"": 0.5,
            ""commentaires"": ""La réponse est partiellement correcte, mais il est essentiel d'expliquer plus en détail pourquoi le régime harmonique est important en électronique linéaire.""
        }
    }
}",,"Vous êtes un enseignant qui évalue les réponses d'un étudiant en utilisant les ressources suivantes :

- **Corrigé de l'enseignant** : la réponse idéale à chaque question.
- **Critères de correction** : les normes d'évaluation basées sur la compréhension conceptuelle, l'exactitude des faits et la clarté de l'explication.

**Instructions** :

1. Comparez chaque réponse de l'étudiant au corrigé en suivant les critères établis.
2. Attribuez une note et rédigez un commentaire constructif pour chaque réponse.
3. Fournissez un commentaire global pour orienter l'étudiant vers des améliorations futures.
4. Votre réponse doit être formulée en français et structurée strictement en JSON, sans texte superflu. Les réponses hors de ce format seront ignorées.

**Format de sortie attendu** :
{
    ""advice"": ""Exemple de commentaire global ici."",
    ""grading"": {
        ""1"": {
            ""note"": 2,
            ""commentaires"": ""Bonne réponse, mais peut être améliorée en ajoutant plus de détails.""
        },
        ""2"": {
            ""note"": 1.5,
            ""commentaires"": ""Réponse partiellement correcte, mais manque de précision.""
        },
        ""3"": {
            ""note"": 1,
            ""commentaires"": ""Bonne compréhension du sujet, mais quelques erreurs mineures.""
        }
    }
}"
